TITLE,DESCRI√áAO,TAGS,QUANTIDADE DE RESPOSTAS,DATA CRIA√á√ÉO,DATA PRIMEIRA RESP.,FOI RESPONDIDA,TEMPO (Horas) ENTRE PERGUNTA E 1¬™ RESPOSTA,T√çTULO TOTALMENTE EM CAIXA ALTA,T√çTULO PARCIALMENTE EM CAIXA ALTA,T√çTULO QUE RESUMA O PROBLEMA,T√çTULO CURTO (At√© 3 palavras),T√çTULO TAMANHO M√âDIO (de 4 a 8 palavras),T√çTULO COERENTE COM A DESCRI√á√ÉO,T√çTULO OBJETIVO,T√çTULO CLARO,T√çTULO ESCRITO USANDO A NORMA CULTA DA L√çNGUA
A Ariana Grande √© branca?,,"[Entretenimento e M√∫sica, Celebridades]",7,Sun Jul 30 21:53:14 BRT 2017,Mon Jul 31 15:53:15 BRT 2017,true,18
Voc·∫Ωs acham Gabriel O Pensador machista?,,"[Entretenimento e M√∫sica, Celebridades]",6,Sun Jul 30 21:53:16 BRT 2017,Sun Jul 30 21:53:16 BRT 2017,true,0
Quantos anos voc√™s acham q eu tenho?,https://goo.gl/GJsff3,"[Entretenimento e M√∫sica, Celebridades]",8,Fri Jul 28 21:53:16 BRT 2017,Sun Jul 30 21:53:19 BRT 2017,true,48
Cantor preferido ou cantora? 10 pontos?,,"[Entretenimento e M√∫sica, Celebridades]",8,Wed Jul 26 21:53:23 BRT 2017,Sat Jul 29 21:53:26 BRT 2017,true,72
Oque voc√™s acham dessa famosa?,,"[Entretenimento e M√∫sica, Celebridades]",4,Fri Jul 28 21:53:26 BRT 2017,Mon Jul 31 21:24:27 BRT 2017,true,71
"Christina Aguilera, Shakira ou Avril Lavigne??",,"[Entretenimento e M√∫sica, Celebridades]",8,Mon Jul 24 21:53:30 BRT 2017,Mon Jul 31 21:53:32 BRT 2017,true,168
A Shakira √© parda ou branca?,,"[Entretenimento e M√∫sica, Celebridades]",5,Mon Jul 24 21:53:36 BRT 2017,Mon Jul 31 21:53:37 BRT 2017,true,168
Existe algu√©m mais hip√≥crita do que o Felipe Neto?,Hoje em dia ele se tornou todo o que criticava no passado.,"[Entretenimento e M√∫sica, Celebridades]",9,Mon Jul 24 21:53:37 BRT 2017,Mon Jul 31 21:53:41 BRT 2017,true,168
"Qual o melhor sobre a vida dos famosos: S√¥nia Abr√£o, TV Fama ou Fofocalizando.?",,"[Entretenimento e M√∫sica, Celebridades]",4,Mon Jul 24 21:53:41 BRT 2017,Mon Jul 31 21:53:42 BRT 2017,true,168
Qual artista da globo vc pegaria? Bruna marquezine ou regina caz√©?,,"[Entretenimento e M√∫sica, Celebridades]",7,Mon Jul 17 21:53:42 BRT 2017,Mon Jul 31 21:53:44 BRT 2017,true,336
Por que Cidade de Deus √© um filme de drama?,,"[Entretenimento e M√∫sica, Cinema]",22,Mon Jul 31 14:53:45 BRT 2017,Mon Jul 31 17:53:47 BRT 2017,true,3
Qual filme que passa nesse videoclipe? https://www.youtube.com/watch?v=1FYjtcg8lvE?,,"[Entretenimento e M√∫sica, Cinema]",21,Fri Jul 28 21:53:51 BRT 2017,Mon Jul 31 17:53:55 BRT 2017,true,68
Que series voces mais gostam de assitir?,,"[Entretenimento e M√∫sica, Cinema]",5,Mon Jul 31 12:54:01 BRT 2017,Mon Jul 31 13:54:04 BRT 2017,true,1
J√° posso comprar o filme da mulher maravilha?,J√° tem o dvd da mulher maravilha pra comprar nas lojas ou n da ainda?,"[Entretenimento e M√∫sica, Cinema]",15,Tue Jul 25 21:54:17 BRT 2017,Tue Jul 25 21:54:18 BRT 2017,true,0
Qual seu signo ?,,"[Entretenimento e M√∫sica, Hor√≥scopo]",29,Wed Jul 26 21:54:24 BRT 2017,Sun Jul 30 21:54:25 BRT 2017,true,96
Uma das evidencias de astrologia ser uma mentira √© o fato de eu ser uma geminiana introvertida q n√£o curte conversas?,,"[Entretenimento e M√∫sica, Hor√≥scopo]",15,Thu Jul 27 21:54:25 BRT 2017,Thu Jul 27 21:54:26 BRT 2017,true,0
Como seria um namoro de um Capricorniano e Sagitariana?,,"[Entretenimento e M√∫sica, Hor√≥scopo]",4,Mon Jul 24 21:54:30 BRT 2017,Mon Jul 31 21:54:31 BRT 2017,true,168
QUAL √â O SIGNO MAIS FILHO DA P√öT√Å QUE EXISTE ?,,"[Entretenimento e M√∫sica, Hor√≥scopo]",7,Mon Jul 24 21:54:32 BRT 2017,Mon Jul 31 21:54:34 BRT 2017,true,168
Qual o signo mais inteligente?,,"[Entretenimento e M√∫sica, Hor√≥scopo]",7,Mon Jul 17 21:54:34 BRT 2017,Mon Jul 31 21:54:36 BRT 2017,true,336
"VOC√ä ACREDITA EM ""SIGNOS""?",,"[Entretenimento e M√∫sica, Hor√≥scopo]",5,Mon Jul 17 21:54:36 BRT 2017,Mon Jul 31 21:54:37 BRT 2017,true,336
Porque a maioria da popula√ß√£o ODEIA o signo de g√™meos?,"Tipo assim eu sou de g√™meos (sou menina) e mano eu s√≥ vejo pessoas ODIANDO MUITO GEMINIANAS/GEMINIANOS Sem nem conhecer, falam que s√£o duas caras e sim somos, Mas n√£o do jeito que voces pensam tipo ser falso e etc... As pessoas interpretam o ""duas caras"" de forma completamente negativa e n√£o √© assim,...","[Entretenimento e M√∫sica, Hor√≥scopo]",5,Mon Jul 17 21:54:40 BRT 2017,Mon Jul 31 21:54:41 BRT 2017,true,336
Signo de g√™meos √© complicado?,,"[Entretenimento e M√∫sica, Hor√≥scopo]",7,Mon Jul 17 21:54:41 BRT 2017,Mon Jul 31 21:54:42 BRT 2017,true,336
Qual o pior signo ? por qu√™?,,"[Entretenimento e M√∫sica, Hor√≥scopo]",5,Mon Jul 17 21:54:42 BRT 2017,Mon Jul 31 21:54:43 BRT 2017,true,336
"Porque o Funk, √© o g√™nero musical favorito da popula√ß√£p brasileira?",,"[Entretenimento e M√∫sica, M√∫sica, Outros - M√∫sica]",22,Mon Jul 31 16:54:54 BRT 2017,Mon Jul 31 20:54:56 BRT 2017,true,4
Que msusica anda ouvindo sistematicamente?,,"[Entretenimento e M√∫sica, M√∫sica, Rock e Pop]",30,Tue Jul 25 21:55:16 BRT 2017,Sun Jul 30 23:55:16 BRT 2017,true,122
Banda de rock preferida????,,"[Entretenimento e M√∫sica, M√∫sica, Rock e Pop]",11,Sat Jul 29 21:55:19 BRT 2017,Mon Jul 31 09:55:20 BRT 2017,true,36
Rtgfsfdgfdfdfd?,,"[Entretenimento e M√∫sica, Outras - Entretenimento]",4,Thu Jul 27 21:55:30 BRT 2017,Thu Jul 27 21:55:32 BRT 2017,true,0
"Se eu pular de paraquedas, e o paraquedas n√£o funcionar √© suicidio?",,"[Entretenimento e M√∫sica, Outras - Entretenimento]",7,Mon Jul 24 21:55:32 BRT 2017,Mon Jul 31 21:55:34 BRT 2017,true,168
Quem ai ta entediado tambem?,,"[Entretenimento e M√∫sica, Outras - Entretenimento]",6,Mon Jul 17 21:55:38 BRT 2017,Mon Jul 31 21:55:41 BRT 2017,true,336
O que √© que eu posso fazer durante 3 meses fechada em casa?,"Estou morando em Portugal, e na sexta feira vou entrar de f√©rias at√© setembro. Eu j√° sei que n√£o vou ter nada para fazer, alguma sugest√£o? TENHO 13 ANOS","[Entretenimento e M√∫sica, Outras - Entretenimento]",6,Mon Jul 31 21:55:44 BRT 2017,Mon Jul 31 21:55:46 BRT 2017,true,0
Atriz porn√¥ favorita?,Me: Kendra Lust,"[Entretenimento e M√∫sica, Outras - Entretenimento]",5,Mon Jul 31 21:55:49 BRT 2017,Mon Jul 31 21:55:50 BRT 2017,true,0
"O Felipe Neto √© o melhor YouTuber do mundo, sim ou claro?",N√£o podemos negar que o Felipe Neto √© o melhor de todos!!!!!!,"[Entretenimento e M√∫sica, Outras - Entretenimento]",13,Mon Jul 31 21:55:52 BRT 2017,Mon Jul 31 21:55:54 BRT 2017,true,0
"Esses usuarios aqui do canto direito, eles tem tantos pontos assim porque?",Eles ganham dinheiro pra isso? Eles s√£o usuarios veteranos? Ou eles ficam 24 hrs no yahoo pois n√£o trabalham nem estudam? Bjs P√¢mela! Gatinha s2,"[Entretenimento e M√∫sica, Outras - Entretenimento]",4,Mon Jul 31 21:56:01 BRT 2017,Mon Jul 31 21:56:03 BRT 2017,true,0
Qual o seu m√™s predileto?,https://www.youtube.com/watch?v=_oVjO8iW...,"[Entretenimento e M√∫sica, Outras - Entretenimento]",8,Mon Jul 31 21:56:03 BRT 2017,Mon Jul 31 21:56:05 BRT 2017,true,0
"Religi√£o e espiritualidade, o que vcs tem a dizer desta foto????",,"[Entretenimento e M√∫sica, Pesquisas e Opini√µes]",4,Fri Jul 28 21:56:20 BRT 2017,Fri Jul 28 21:56:23 BRT 2017,true,0
"Vc consegue ler escutando m√∫sica no fone de ouvido ao mesmo Tempo, ou Te atrapalha na concentra√ßao em ler?",,"[Entretenimento e M√∫sica, Pesquisas e Opini√µes]",30,Mon Jul 17 21:56:23 BRT 2017,Mon Jul 31 21:56:24 BRT 2017,true,336
Isto √© uma pergunta em yahoo!?,,"[Entretenimento e M√∫sica, Pesquisas e Opini√µes]",4,Mon Jul 17 21:56:29 BRT 2017,Mon Jul 31 21:56:31 BRT 2017,true,336
"‚ÄúContra os fatos n√£o h√° argumentos‚Äù. Isso √© sempre v√°lido?",,"[Entretenimento e M√∫sica, Pesquisas e Opini√µes]",8,Mon Jul 10 21:56:31 BRT 2017,Mon Jul 31 21:56:32 BRT 2017,true,504
Dia ou noite?,,"[Entretenimento e M√∫sica, Pesquisas e Opini√µes]",18,Mon Jul 03 21:56:32 BRT 2017,Mon Jul 31 21:56:35 BRT 2017,true,672
Porque o corpo da minha namorada esquenta quando eu beijo ela?,,"[Entretenimento e M√∫sica, Pesquisas e Opini√µes]",53,Mon Jul 03 21:56:35 BRT 2017,Mon Jul 31 21:56:38 BRT 2017,true,672
Voc√™ tem algum v√≠deo ou foto interessante ou curioso(a) pra mostrar?,EU TENHO! OLHA S√ì ESSA QUE LEGAL: TREM QUE PASSA NO MEIO DA RUA NA CIDADE DE URUGUAIANA/RS... kkkkkk https://www.youtube.com/watch?v=9-hOxpUsKwA,"[Entretenimento e M√∫sica, Pesquisas e Opini√µes]",19,Mon Jul 03 21:56:40 BRT 2017,Mon Jul 31 21:56:43 BRT 2017,true,672
Essa piada √© engra√ßada?,O Lula sabe ler,"[Entretenimento e M√∫sica, Piadas e Charadas]",7,Wed Jul 26 21:56:46 BRT 2017,Fri Jul 28 21:56:46 BRT 2017,true,48
E se um assasino confessar seu crime para um padre em um confession√°rio?,,"[Entretenimento e M√∫sica, Piadas e Charadas]",5,Mon Jul 24 21:56:48 BRT 2017,Mon Jul 31 21:56:49 BRT 2017,true,168
"Minha filha Come√ßou a soltar leite da t√™ta, o que eu fa√ßo?? Posso pedir pra ela amamentar um cachorro rec√©m nascido?",,"[Entretenimento e M√∫sica, Piadas e Charadas]",4,Mon Jul 24 21:56:49 BRT 2017,Mon Jul 31 21:56:51 BRT 2017,true,168
Doutor √© s√≥ quem faz doutorado?,"Doutor √© s√≥ quem faz doutorado certo?? est√£o discutindo cmg pois eu falei isso, mas meu gerente disse q todo medico √© doutor, pois quando se faz o curso de medicina automaticamente se faz o doutorado. Eu discordo completamente disso e queria saber quem est√° certo nessa hist√≥ria. Nem todo m√©dico e ""doutor"".","[Entretenimento e M√∫sica, Piadas e Charadas]",6,Mon Jul 10 21:56:54 BRT 2017,Mon Jul 31 21:56:56 BRT 2017,true,504
Meu cachorro pediu o seu numero do whats me passa pela resposta?,,"[Entretenimento e M√∫sica, Piadas e Charadas]",14,Mon Jul 03 21:56:56 BRT 2017,Mon Jul 31 21:56:57 BRT 2017,true,672
C√™ sabe o que o pato falou pr√° patA?,,"[Entretenimento e M√∫sica, Piadas e Charadas]",7,Mon Jul 31 21:56:59 BRT 2017,Mon Jul 31 21:57:01 BRT 2017,true,0
"Jo√£o tem 5 irm√£os: fafa, fefe, fifi, fofo, qual o nome do quinto?",,"[Entretenimento e M√∫sica, Piadas e Charadas]",9,Mon Jul 31 21:57:14 BRT 2017,Mon Jul 31 21:57:22 BRT 2017,true,0
Qual a pior saga de one piece na opini√£o de voc√™s?,"Eu achei skypea e thiller bark bem chatas... Por√©m entre essas duas, thiller bark fui a pior, muito ruim mesmo!","[Entretenimento e M√∫sica, Quadrinhos e Anima√ß√£o]",26,Thu Jul 27 21:57:32 BRT 2017,Fri Jul 28 21:57:34 BRT 2017,true,24
Gente!!? Algu√©m me indica um anime?,Nunca assisti anime..,"[Entretenimento e M√∫sica, Quadrinhos e Anima√ß√£o]",31,Wed Jul 26 21:57:34 BRT 2017,Thu Jul 27 21:57:38 BRT 2017,true,24
Me fala sobre a personalidade do coringa?,,"[Entretenimento e M√∫sica, Quadrinhos e Anima√ß√£o]",22,Wed Jul 26 21:57:41 BRT 2017,Fri Jul 28 21:57:43 BRT 2017,true,48
Me indiquem animes bons?,,"[Entretenimento e M√∫sica, Quadrinhos e Anima√ß√£o]",6,Sun Jul 30 21:57:46 BRT 2017,Sun Jul 30 23:57:49 BRT 2017,true,2
Como entrar no ramo de quadrinhos sem ser digitalmente?,,"[Entretenimento e M√∫sica, Quadrinhos e Anima√ß√£o]",5,Wed Jul 26 21:58:05 BRT 2017,Mon Jul 31 12:58:10 BRT 2017,true,111
"E ai, novidades?",,"[Entretenimento e M√∫sica, Revistas]",4,Wed Jul 26 21:58:34 BRT 2017,Wed Jul 26 21:58:36 BRT 2017,true,0
Qual time brasileiro j√° passou mais vexames?,,"[Entretenimento e M√∫sica, Revistas]",11,Mon Jul 31 21:58:36 BRT 2017,Mon Jul 31 21:58:38 BRT 2017,true,0
"Por que os zombeteiros espiritas aqui do site me colocam como fake de outros usu√°rios, eu j√° n√£o falei que meu nome √© Marcus Cassini?","N√£o sou fake, meu nome √© Marcus Cassini, recebo esp√≠ritos superiores motivo pelo qual sou perseguido por m√©diuns fracassados aqui do YR assim como por esp√≠ritas que gostam da mentira, eu prego o que realmente Kardec ensina n√£o as fabulas e mitos criados pelo espiritismo brasileiro! recebam agua fluidificada por mim de gra√ßa! irm√£o deuso tu √©s um zombeteiro descarado!, dizes ser ateu mas na realidade tens vergonha de dizer que √©s espirita e dos ruins, ter√°s justa puni√ß√£o nas pr√≥ximas encarna√ß√µes, n√£o se ca√ßoa de um m√©dium do meu n√≠vel e se fica impune!","[Entretenimento e M√∫sica, Revistas]",10,Mon Jul 31 21:58:43 BRT 2017,Mon Jul 31 21:58:51 BRT 2017,true,0
"E a√≠, novidades?",,"[Entretenimento e M√∫sica, Revistas]",4,Mon Jul 31 21:58:55 BRT 2017,Mon Jul 31 21:58:59 BRT 2017,true,0
"E a√≠, novidades?",,"[Entretenimento e M√∫sica, Revistas]",4,Mon Jul 31 21:59:09 BRT 2017,Mon Jul 31 21:59:16 BRT 2017,true,0
"E a√≠, novidades?",Oque eu escrevo aqui? '-',"[Entretenimento e M√∫sica, Revistas]",4,Mon Jul 31 21:59:27 BRT 2017,Mon Jul 31 21:59:30 BRT 2017,true,0
Apenas uma chance se errar a culpa √© sua?,"Em um √înibus lotado de pessoas voc√™ sente um press√°gio e nele aparece uma moto com 2 pessoas sendo que uma delas √© uma mulher e ela est√° gr√°vida o motorista do √¥nibus percebe que o freio do √¥nibus est√° com problemas e ele est√° em uma via em uma velocidade acima do permitido e voc√™ s√≥ pode intervir em uma das... Obs: A dist√¢ncia entre o motorista e a moto √© m√≠nima e a via sem d√∫vidas mataria todas as pessoas, ent√£o... quem voc√™ salvaria? As duas pessoas da moto ou Todas as pessoas dentro do √¥nibus?","[Entretenimento e M√∫sica, R√°dio]",5,Mon Jul 31 21:59:32 BRT 2017,Mon Jul 31 21:59:33 BRT 2017,true,0
Posta uma m√∫sica ae?,,"[Entretenimento e M√∫sica, R√°dio]",8,Mon Jul 31 21:59:33 BRT 2017,Mon Jul 31 21:59:36 BRT 2017,true,0
Sua voz √© de FM ou de AM?,,"[Entretenimento e M√∫sica, R√°dio]",12,Mon Jul 31 21:59:38 BRT 2017,Mon Jul 31 21:59:40 BRT 2017,true,0
"Qual a melhor web radio? Radio Sound Pop, Jovem Pop ou Radio Planet Pop?",,"[Entretenimento e M√∫sica, R√°dio]",5,Mon Jul 31 21:59:48 BRT 2017,Mon Jul 31 21:59:49 BRT 2017,true,0
POR FAVOR!!!! PRECISO DE UM C√ìDIGO PARA SAM BROADCASTER PRO!?,,"[Entretenimento e M√∫sica, R√°dio]",3,Mon Jul 31 21:59:50 BRT 2017,Mon Jul 31 21:59:53 BRT 2017,true,0
"Se ele fosse seu pai, voc√™ teria orgulho?",Por que sim ou por que n√£o? https://imgflip.com/i/1d6uiq Explique.,"[Entretenimento e M√∫sica, R√°dio]",5,Mon Jul 31 21:59:55 BRT 2017,Mon Jul 31 21:59:56 BRT 2017,true,0
Vces ouvem r√°dio?,se ouvem qual vcs preferem jovem pan? ou metropolitana fm?,"[Entretenimento e M√∫sica, R√°dio]",8,Mon Jul 31 22:00:08 BRT 2017,Mon Jul 31 22:00:09 BRT 2017,true,0
Radio ou Tv qual voc√™s preferem?,prefiro radio ouvir musica √© muito bom,"[Entretenimento e M√∫sica, R√°dio]",8,Mon Jul 31 22:00:09 BRT 2017,Mon Jul 31 22:00:12 BRT 2017,true,0
Qual esta√ß√£o de r√°dio?,,"[Entretenimento e M√∫sica, R√°dio]",7,Mon Jul 31 22:00:12 BRT 2017,Mon Jul 31 22:00:14 BRT 2017,true,0
Qual esta√ß√£o de r√°dio?,,"[Entretenimento e M√∫sica, R√°dio]",5,Mon Jul 31 22:00:14 BRT 2017,Mon Jul 31 22:00:16 BRT 2017,true,0
Algu√©m j√° assistiu a novela carinha do demonio?,,"[Entretenimento e M√∫sica, Televis√£o, Novelas]",18,Thu Jul 27 22:00:19 BRT 2017,Fri Jul 28 22:00:21 BRT 2017,true,24
"Quem tem pior programa√ßao?globo,record,sbt ou band?",,"[Entretenimento e M√∫sica, Televis√£o, Outros - Televis√£o]",7,Sat Jul 29 22:00:27 BRT 2017,Sun Jul 30 22:00:28 BRT 2017,true,24
Qual a melhor novela que vc j√° assistiu?,,"[Entretenimento e M√∫sica, Televis√£o, Novelas]",23,Tue Jul 25 22:00:37 BRT 2017,Fri Jul 28 22:00:42 BRT 2017,true,72
Qual √© seu programa favorito da tv a cabo?,O meu √© pronto-socorro: hist√≥rias de emerg√™ncia.,"[Entretenimento e M√∫sica, Televis√£o, Outros - Televis√£o]",4,Sat Jul 29 22:01:07 BRT 2017,Sat Jul 29 22:01:10 BRT 2017,true,0
Essa placa de video e boa (Placa De V√≠deo Zotac Geforce Gt 1030 2gb 64bits) se a placa de video e 64 bits meu processador tbm que q ser?,,"[Computadores e Internet, Hardware, Outros - Hardware]",23,Fri Jul 28 22:01:18 BRT 2017,Fri Jul 28 22:01:18 BRT 2017,true,0
"Minha placa m√£e e ddr3, ela suporta at√© 4gb de ram ser√° que ia funcionar se eu aumentasse pra 8gb ? Ou teria que trocar a placa m√£e?",,"[Computadores e Internet, Hardware, Outros - Hardware]",18,Thu Jul 27 22:01:25 BRT 2017,Fri Jul 28 22:01:27 BRT 2017,true,24
Meu lap top t√° lento e travando. Como resolver o problema?,,"[Computadores e Internet, Hardware, Laptops e Notebooks]",21,Wed Jul 26 22:01:29 BRT 2017,Thu Jul 27 22:01:31 BRT 2017,true,24
O que fazer qdo o notebook travar e o que fazer quando isso acontece?,,"[Computadores e Internet, Hardware, Laptops e Notebooks]",19,Wed Jul 26 22:01:31 BRT 2017,Wed Jul 26 22:01:31 BRT 2017,true,0
Meu computador est√° queimando o estabilizador?,"O meu pc estava funcionando normal, mas um dia o estabilizador n√£o ligou mais. Peguei outro estabilizador antigo, testei sozinho na tomada e ligou, ent√£o desliguei o estabilizador, conectei os cabos do pc e, ao ligar, o estabilizador acendeu e rapidamente apagou as luzes, parando de funcionar. Descobri que √© s√≥...","[Computadores e Internet, Hardware, Outros - Hardware]",16,Wed Jul 26 22:01:32 BRT 2017,Thu Jul 27 22:01:34 BRT 2017,true,24
Vale a pena comprar mouse e teclado gamer ?,,"[Computadores e Internet, Hardware, Desktops]",4,Mon Jul 31 12:01:38 BRT 2017,Mon Jul 31 13:01:38 BRT 2017,true,1
"Pretendo comprar um computador por cerca de R$ 5 500,00. Mas a√≠ preciso de um monitor bom para acompanhar e preciso de sugest√µes. Alguma?","Eu jogo em notebook, tela pequena de 15 polegadas, mas os monitores que eu vi na maioria s√£o de 21 polegadas e como o aumento de tela √© pouco; acredito que n√£o compensa visto o pre√ßo do monitor e, em rela√ß√£o ao notebook, a perca da mobilidade. Ainda tem a quest√£o que a maioria s√£o monitores de 60 hertz e podem...","[Computadores e Internet, Hardware, Desktops]",14,Wed Jul 26 22:01:38 BRT 2017,Wed Jul 26 22:01:40 BRT 2017,true,0
D√∫vida sobre o Google Fotos?,"A Google disponibilizou armazenamento ilimitado para o Google Fotos, com um detalhe, as fotos ficam com uma resolu√ß√£o menor que em sua vers√£o original. Minha d√∫vida √© a seguinte: Se eu for imprimir a foto (ou revelar como chamam) a foto ficar√° com apar√™ncia ruim por causa da compress√£o feita pelo servi√ßo? Tenho...","[Computadores e Internet, Internet, Google]",24,Fri Jul 28 22:01:54 BRT 2017,Fri Jul 28 22:01:57 BRT 2017,true,0
Cite 3 empresas que voc√™ adoraria tirar do Brasil?,"As Minhas: Correios, Mercado Livre e CIEE","[Computadores e Internet, Outros - Computadores]",4,Sat Jul 29 22:02:27 BRT 2017,Mon Jul 31 13:02:27 BRT 2017,true,39
Existe um protetor dos olhos das radia√ß√µes do monitor? Elas (radia√ß√µes) provocam danos aos olhos?,,"[Computadores e Internet, Outros - Computadores]",7,Tue Jul 25 22:02:30 BRT 2017,Tue Jul 25 22:02:31 BRT 2017,true,0
Tenho um pc ruin lento pa krl e queria saber c tipo conpensaria eu trocar hd processador e memoria ram e c deixaria ele melhor e pa??,,"[Computadores e Internet, Outros - Computadores]",6,Tue Jul 25 22:02:31 BRT 2017,Tue Jul 25 22:02:31 BRT 2017,true,0
Gente posso usar no pc o flash e html no mesmo computador?,,"[Computadores e Internet, Programa√ß√£o e Design]",23,Thu Jul 27 22:02:40 BRT 2017,Fri Jul 28 22:02:41 BRT 2017,true,24
O que fazer quando o fdp do seu vizinho b√™bado fica ligando o som de madrugada?,"J√° liguei pra policia, ja reclamei e nada resolve, so resolve matando ent√£o...Qual a melhor maneira de matar ele?","[Computadores e Internet, Programa√ß√£o e Design]",6,Sat Jul 29 22:02:41 BRT 2017,Sun Jul 30 22:02:42 BRT 2017,true,24
Acabou o meu T√©cnico em Informatica n√£o estou bom para sair procurando servi√ßo! Onde posso aprender um pouco mais programar?admiro front-end?,,"[Computadores e Internet, Programa√ß√£o e Design]",6,Wed Jul 26 22:02:45 BRT 2017,Thu Jul 27 22:02:46 BRT 2017,true,24
"Sabendo o basico de php,javascript,html,css da para fazer sites? que tipo de site seria possivel? ou n√£o da para fazer muita coisa?",,"[Computadores e Internet, Programa√ß√£o e Design]",4,Wed Jul 26 22:02:49 BRT 2017,Fri Jul 28 22:02:51 BRT 2017,true,48
"√â seguro baixar apps pelo Baixaki no PC?","Eu t√¥ querendo baixar o PhotoScape. Mas ele √± t√° dispon√≠vel no Google Play. Me digam, ser√° seguro se eu baixar o PhotoScape pelo Baixaki, ou estarei correndo risco com v√≠rus???? Ajudem, estou precisando!!!!!......","[Computadores e Internet, Programa√ß√£o e Design]",21,Mon Jul 17 22:02:59 BRT 2017,Mon Jul 31 22:03:01 BRT 2017,true,336
"Quando voc√™ tiver filhos, vai deixar ele mexer na internet a partir de qual idade? E vai deixar ele(ela) sa√≠rem por a√≠?",V√£o liberar seus filhos a partir de qual idade?,"[Computadores e Internet, Programa√ß√£o e Design]",4,Mon Jul 17 22:03:03 BRT 2017,Mon Jul 31 22:03:05 BRT 2017,true,336
"Tenho um site j√° com dominio e tudo, como fa√ßo para conect√°-lo ao wordpress. ou ser√° que existe outra forma de eu mudar o layout do site?",,"[Computadores e Internet, Programa√ß√£o e Design]",4,Mon Jul 17 22:03:05 BRT 2017,Mon Jul 31 22:03:06 BRT 2017,true,336
Configurei um novo roteador.Eu tenho que desabilitar a fun√ß√£o de roteamento do meu modem router visto que que ficou duas redes wifi?,,"[Computadores e Internet, Redes de Computadores]",19,Thu Jul 27 22:03:08 BRT 2017,Thu Jul 27 22:03:09 BRT 2017,true,0
Roteador WiFi?,"Ol√°, eu tenho uma d√∫vida pessoal. Na minha casa eu tenho internet a cabo e WiFi gr√°tis e TV por assinatura. Por√©m o valor est√° muito alto e eu queria cancelar a TV e a internet a cabo. Por√©m fui informada que para ter o WiFi, preciso da internet a cabo e o WiFi tamb√©m √© ""gratuito"" segundo a operadora....","[Computadores e Internet, Redes de Computadores]",4,Thu Jul 27 22:03:16 BRT 2017,Thu Jul 27 22:03:17 BRT 2017,true,0
"Uso internet net e comprei um roteador, por√©m j√° tenho um modem que serve como roteador. Quando conecto o roteador o sinal do modem n√£o sai?","Eu comprei um tplink mas tenho um cisco que serve como roteador, por√©m seu sinal √© ruim assim como sua qualidade. O roteador que comprei da Tplink tem um alcance bem melhor por√©m quando o conecto al√©m de abrir duas redes, uma com nome de DLINK-EDB4 e a outra com nome DLINK-EDB4 5GHZ. Como retirar uma delas? Al√©m...","[Computadores e Internet, Redes de Computadores]",13,Mon Jul 17 22:03:22 BRT 2017,Mon Jul 31 22:03:25 BRT 2017,true,336
Queria saber como funciona receber dinheiro respondendo pesquisa. Como √© isso? Qual site √© confi√°vel? Isso funciona?,,"[Computadores e Internet, Redes de Computadores]",14,Mon Jul 17 22:03:27 BRT 2017,Mon Jul 31 22:03:28 BRT 2017,true,336
Como descobro a senha do WIFI do vizinho?,,"[Computadores e Internet, Redes de Computadores]",7,Mon Jul 24 22:03:30 BRT 2017,Mon Jul 31 22:03:31 BRT 2017,true,168
"√â poss√≠vel ligar 2 roteadores na mesma linha? Onde eu trabalho fica longe e mais abaixo da sua localiza√ß√£o. Minha conex√£o √© Wi Fi........?",,"[Computadores e Internet, Redes de Computadores]",4,Mon Jul 24 22:03:33 BRT 2017,Mon Jul 31 22:03:34 BRT 2017,true,168
Como passar o cabo de internet para outro c√¥modo?,"Preciso mudar meu pc de quarto e pra isso s√≥ preciso do cabo de internet que fica no moden da sala, como fa√ßo? (obs: o quarto de desejo mudar fica um andar a cima)","[Computadores e Internet, Redes de Computadores]",4,Mon Jul 24 22:03:35 BRT 2017,Mon Jul 31 22:03:37 BRT 2017,true,168
D√° pra conectar o cabo de internet do computador direto no Notebook?,,"[Computadores e Internet, Redes de Computadores]",4,Mon Jul 17 22:03:37 BRT 2017,Mon Jul 31 22:03:39 BRT 2017,true,336
Quais seriam os melhores antiv√≠rus gratuitos?,,"[Computadores e Internet, Seguran√ßa]",6,Sat Jul 29 22:03:44 BRT 2017,Mon Jul 31 20:03:46 BRT 2017,true,46
ME AJUDEM POR FAVOR!! √â URGENTE!?,"Gente, atualmente eu estou jogando um jogo, sendo ele o FIFA Mobile, at√© a√≠ est√° tudo ok, por√©m, toda Santa hora uma pessoa entra em minha conta e me desconectado, al√©m de eu perder as recompensas, a pessoa tenta trocar a senha da minha conta toda hora. Eu j√° troquei a senha do meu e-mail, mas mesmo assim ele...","[Computadores e Internet, Seguran√ßa]",17,Mon Jul 17 22:03:50 BRT 2017,Mon Jul 31 22:03:52 BRT 2017,true,336
"Alguem esta com esse problema, apago as mensagens da caixa de entrada, √© confirmada a exclus√£o e depois elas voltam de novo?",,"[Computadores e Internet, Seguran√ßa]",4,Mon Jul 17 22:03:53 BRT 2017,Mon Jul 31 22:03:55 BRT 2017,true,336
O que e ter Jesus no cora√ß√£o?,"Um pastor falou para mim, vc precisa ter Jesus no cora√ß√£o!","[Computadores e Internet, Seguran√ßa]",11,Mon Jul 17 22:03:55 BRT 2017,Mon Jul 31 22:03:56 BRT 2017,true,336
"√â permitido ter 6 programas antiv√≠rus em um mesmo computador?",,"[Computadores e Internet, Seguran√ßa]",6,Mon Jul 17 22:04:04 BRT 2017,Mon Jul 31 22:04:05 BRT 2017,true,336
O anti-v√≠rus Bit Defender √© bom?,Preciso de um Anti-v√≠rus gratuito e de acordo com um v√≠deo no YouTube esse foi classificado como um dos melhores √© verdade?,"[Computadores e Internet, Seguran√ßa]",10,Mon Jul 03 22:04:12 BRT 2017,Mon Jul 31 22:04:13 BRT 2017,true,672
Windows 7 ou windows 8 ?,qual dos dois √© melhor pra um pc com 4 de RAM e core i3 krl anonimo vai tomar no seu **,"[Computadores e Internet, Software]",26,Fri Jul 28 22:04:16 BRT 2017,Mon Jul 31 20:04:19 BRT 2017,true,70
"Tenho o windows 7 no meu computador e pretendo atualizar para o windows 10, mas ser√° que vale a pena ou √© melhor continuar com o windows 7?",,"[Computadores e Internet, Software]",9,Sat Jul 29 22:04:22 BRT 2017,Mon Jul 31 12:04:24 BRT 2017,true,38
Windows 10 ou 7?,,"[Computadores e Internet, Software]",7,Sun Jul 30 22:04:24 BRT 2017,Mon Jul 31 18:04:25 BRT 2017,true,20
"Como resolver e desativar mensagem ""o Windows detectou um problema de disco r√≠gido""?","estava usando meu computador normalmente e apareceu um erro dizendo que meu disco r√≠gido possui problemas e que eu preciso fazer backup das informa√ß√µes importantes mais r√°pido poss√≠vel,","[Computadores e Internet, Software]",26,Wed Jul 26 22:04:27 BRT 2017,Sun Jul 30 22:04:29 BRT 2017,true,96
Como resolver o erro de instala√ß√£o do Windows?,,"[Computadores e Internet, Software]",23,Wed Jul 26 22:04:29 BRT 2017,Thu Jul 27 22:04:31 BRT 2017,true,24
Meu PC esta sem som!!?,"O volume ta normal, o problema √© que ele n√£o reproduz nenhum som. Como resolver?","[Computadores e Internet, Software]",4,Sun Jul 30 22:04:40 BRT 2017,Mon Jul 31 17:04:41 BRT 2017,true,19
O Windows 10 deveria ser proibido por ser o pior Windows da hist√≥ria?,"Chega a ser pior que o Vista, congela muito. E meu PC √© top.","[Computadores e Internet, Software]",8,Thu Jul 27 22:04:42 BRT 2017,Fri Jul 28 22:04:43 BRT 2017,true,24
UTorrent tem v√≠rus ?,"Toda vez que eu fa√ßo download pelo utorrent,o avast sempre detecta uma amea√ßa na pasta do utorrent no appdata,tem risco de ter v√≠rus (OBS.√© toda hora mesmo)","[Computadores e Internet, Software]",9,Tue Jul 25 22:04:44 BRT 2017,Wed Jul 26 22:04:45 BRT 2017,true,24
Em quem voc√™ vai votar em 2018?,E qual voc√™ acha que vai ser o cen√°rio eleitoral? Joaquim Barbosa? Bolsonaro? Lula? Marina? A√©cio? Moro?,"[Governo e Pol√≠tica, Elei√ß√µes]",34,Thu Jul 27 22:04:57 BRT 2017,Sun Jul 30 22:04:59 BRT 2017,true,72
A partir de quando o voto ser√° facultativo ??,,"[Governo e Pol√≠tica, Elei√ß√µes]",22,Fri Jul 28 22:04:59 BRT 2017,Sat Jul 29 22:05:01 BRT 2017,true,24
Bolsonaro √© racista?,"A frase que ele disse responde tudo, eu apoiava ele at√© ler isso: http://veja.abril.com.br/brasil/bolsonaro-e-acusado-de-racismo-por-frase-em-palestra-na-hebraica/ Vou de Bolsonaro 2018!!! Ele n√£o √© racista, j√° vi fotos dele com negros, no mais ele se expressou mal. Fui muito tolo em fazer essa pergunta. √â Bolsonaro 2018, para um pa√≠s melhor e sem corrup√ß√£o!!!!","[Governo e Pol√≠tica, Elei√ß√µes]",9,Sat Jul 29 22:05:19 BRT 2017,Sat Jul 29 22:05:22 BRT 2017,true,0
"Se eu n√£o apoiar o Bolsonaro, serei Comunista?",,"[Governo e Pol√≠tica, Elei√ß√µes]",6,Sun Jul 30 22:05:25 BRT 2017,Mon Jul 31 01:05:27 BRT 2017,true,3
"Voc√™ tamb√©m votaria na dilma, a G√äNIA, se ela se candidatasse em 2018?",KKKKKKKKKKKK,"[Governo e Pol√≠tica, Elei√ß√µes]",12,Wed Jul 26 22:05:32 BRT 2017,Thu Jul 27 22:05:32 BRT 2017,true,24
Lula ou Jair bolsonaro pra 2018?,,"[Governo e Pol√≠tica, Embaixadas e Consulados]",13,Tue Jul 25 22:05:47 BRT 2017,Wed Jul 26 22:05:49 BRT 2017,true,24
O que √© que uma pessoa n√£o Brasileira precisa ter pra tirar cidadania no brasil?,,"[Governo e Pol√≠tica, Embaixadas e Consulados]",8,Mon Jul 31 22:05:49 BRT 2017,Mon Jul 31 22:05:51 BRT 2017,true,0
Pq √© que a PF n√£o est√° emitindo passaporte?,,"[Governo e Pol√≠tica, Embaixadas e Consulados]",7,Mon Jul 31 22:05:51 BRT 2017,Mon Jul 31 22:05:54 BRT 2017,true,0
Qual a maneira mais rapida e facil de se conseguir a cidadania americana?,,"[Governo e Pol√≠tica, Embaixadas e Consulados]",5,Mon Jul 31 22:05:54 BRT 2017,Mon Jul 31 22:05:56 BRT 2017,true,0
Como pode os espelhos serem reais se os nossos olhos n√£o s√£o reais?,,"[Governo e Pol√≠tica, Embaixadas e Consulados]",23,Mon Jul 31 22:05:56 BRT 2017,Mon Jul 31 22:05:58 BRT 2017,true,0
Bolsonaro 2018?,quem vai votar no bolsonaro ai gente?,"[Governo e Pol√≠tica, Embaixadas e Consulados]",4,Mon Jul 31 22:05:58 BRT 2017,Mon Jul 31 22:05:59 BRT 2017,true,0
"√â verdade que o Eduardo Bolsonaro ( Filho do Jair Bolsonaro) tambem pretende ser presidente depois do pai?",,"[Governo e Pol√≠tica, Embaixadas e Consulados]",4,Mon Jul 31 22:06:01 BRT 2017,Mon Jul 31 22:06:03 BRT 2017,true,0
"Maldito Chico Xavier, pq dissestes que tem vida no Sol e em Marte, agora viramos chacota e nossa doutrina perdeu toda credibilidade?",,"[Governo e Pol√≠tica, Embaixadas e Consulados]",12,Mon Jul 31 22:06:04 BRT 2017,Mon Jul 31 22:06:07 BRT 2017,true,0
"Seria Jair Bolsonaro , √∫nica solu√ß√£o dessa na√ß√£o?",,"[Governo e Pol√≠tica, Embaixadas e Consulados]",6,Mon Jul 31 22:06:09 BRT 2017,Mon Jul 31 22:06:11 BRT 2017,true,0
Jair bolsonaro √© racista e homof√≥bico?,,"[Governo e Pol√≠tica, Embaixadas e Consulados]",6,Mon Jul 31 22:06:14 BRT 2017,Mon Jul 31 22:06:15 BRT 2017,true,0
"Por que paises como Jap√£o, Uruguai s√£o legalizados o aborto?",,"[Governo e Pol√≠tica, Embaixadas e Consulados]",5,Mon Jul 31 22:06:15 BRT 2017,Mon Jul 31 22:06:18 BRT 2017,true,0
Porque a REDE GLOBO n√£o t√° nem a√≠ pro quebra-pau no Estado do Esp√≠rito Santo?,,"[Governo e Pol√≠tica, Embaixadas e Consulados]",6,Mon Jul 31 22:06:24 BRT 2017,Mon Jul 31 22:06:26 BRT 2017,true,0
TRUMP E MA√áOM?,,"[Governo e Pol√≠tica, Embaixadas e Consulados]",4,Mon Jul 31 22:06:26 BRT 2017,Mon Jul 31 22:06:28 BRT 2017,true,0
TEMER n√£o cai mesmo com provas de corrup√ß√£o poque o povo que saiu as ruas contra DILMA est√£o envergonhado por ter batido panela errado?,,"[Governo e Pol√≠tica, Governo]",10,Sun Jul 30 22:06:34 BRT 2017,Mon Jul 31 20:06:36 BRT 2017,true,22
O que voc√™s acham do Jo√£o D√≥ria?,"Por favor. Detalhes. Bem, ele aparentemente √© um cara que se diz Liberal e tal. S√≥ n√£o sei se votaria nele para presidente em 2018. Preciso pensar, ainda. Decidido. Um Esquerda que se disfar√ßa de Direita. Com certeza n√£o votarei nele.","[Governo e Pol√≠tica, Governo]",8,Sun Jul 30 22:06:37 BRT 2017,Mon Jul 31 21:13:39 BRT 2017,true,23
Voc√™ acredita em pol√≠ticos salvadores da p√°tria?,,"[Governo e Pol√≠tica, Governo]",12,Fri Jul 28 22:06:40 BRT 2017,Sun Jul 30 22:06:41 BRT 2017,true,48
O que voc√™ acha sobre a pol√≠tica de imigra√ß√£o?,,"[Governo e Pol√≠tica, Governo]",19,Wed Jul 26 22:06:41 BRT 2017,Sat Jul 29 22:06:42 BRT 2017,true,72
PORQUE O BRASILEIRO FOI T√ÉO BURRO A PONTO DE TIRAR A DILMA DO GOVERNO E AGR RECLAMAM DO TEMMER?,"Achei um absurdo o impeachment, tiraram uma pessoa honesta e deixaram o bandido golpista, depois de tudo que a Dilma e o Lula fez por n√≥s, sou pt at√© a morte, e sinceramente, voc√™s s√£o mt burros. O pior do Brasil √© o brasileiro!!","[Governo e Pol√≠tica, Governo]",9,Thu Jul 27 22:06:49 BRT 2017,Sun Jul 30 23:06:50 BRT 2017,true,73
Agente penitenci√°rios tem moral para pedirem aumento salarial ?,,"[Governo e Pol√≠tica, Governo]",6,Fri Jul 28 22:06:54 BRT 2017,Fri Jul 28 22:06:56 BRT 2017,true,0
Governo n√£o deixa escapar nada no Brasil?,"At√© a netflox, spotify vai ter impostos, nada no Brasil vai para frente, o que est√° quebrando a concorr√™ncia √© a economia √© esses impostos alt√≠ssimos que o governo coloca.","[Governo e Pol√≠tica, Governo]",10,Wed Jul 26 22:07:07 BRT 2017,Thu Jul 27 22:07:13 BRT 2017,true,24
Por que os jovens est√£o caindo no discurso entreguista de privatizar tudo?,"Esse neoliberalismo porco est√° manipulando a cabe√ßa dos jovens, os judeus banqueiros est√£o sugando as nossas riquezas, o nosso pr√©-sal, a nossa floresta Amaz√¥nica, e esses imbecis batem palmas, achando que se tornar√£o um pa√≠s de primeiro mundo... eu desisto,o Brasil nunca ir√° sair do colonialismo...","[Governo e Pol√≠tica, Governo]",7,Wed Jul 26 22:07:13 BRT 2017,Fri Jul 28 22:07:18 BRT 2017,true,48
Imigra√ß√£o: pa√≠ses ricos X pa√≠ses pobres?,"Quem deve se proteger mais da imigra√ß√£o: pa√≠ses pobres ou pa√≠ses ricos? R: Geralmente nos pa√≠ses mais ricos ocorrem maior imigra√ß√£o por oferecer mais empregos com sal√°rios mais altos. Por isso, os pa√≠ses mais ricos devem tomar mais cuidados com a imigra√ß√£o. Sem controle de imigra√ß√£o, os pa√≠ses ricos tenderiam a...","[Governo e Pol√≠tica, Imigra√ß√£o]",17,Mon Jul 17 22:07:23 BRT 2017,Mon Jul 31 22:07:25 BRT 2017,true,336
"√â possivel trabalha no jap√£o n√£o sendo descendente e nem tendo conjuge descendente de japon√™s?","Tenho 21 anos , a op√ß√£o de ir para o jap√£o estudar n√£o √© viavel , ent√£o gostaria de saber se tem como arrumar algum emprego , sei que seria dificil , mas existe a chance ?","[Governo e Pol√≠tica, Imigra√ß√£o]",4,Mon Jul 24 22:07:25 BRT 2017,Mon Jul 24 22:07:27 BRT 2017,true,0
Quais s√£o os pa√≠ses desenvolvidos que s√£o mais f√°ceis de imigrar?,"EUA e Jap√£o tem um sistema de imigra√ß√£o muito ruim, r√≠gido, √© dif√≠cil. Migrar para morar e trabalhar, n√£o turismo. Se puderem me ajudar com essa, fico grato.","[Governo e Pol√≠tica, Imigra√ß√£o]",6,Mon Jul 24 22:07:27 BRT 2017,Mon Jul 31 22:07:28 BRT 2017,true,168
"Vamos mudar para a Venezuela,S√≠ria,Coreia do Norte....O Brasir t√° terr√≠vel. ""Ame-o ou deixe-o.""O ""papai"" Temer....?","num quer que eu ande com minha Ferrari...!!!!A ""gasosa"" subiu... Daqui a pouco sobe o caviar,vinho franc√™s,,...... Volte ""tia"" Dilma....n√≥s te amamos.....I Love ou.....kkkkkkk","[Governo e Pol√≠tica, Imigra√ß√£o]",4,Mon Jul 24 22:07:28 BRT 2017,Mon Jul 31 22:07:30 BRT 2017,true,168
"√© dificil ficar rico?, porque?",,"[Governo e Pol√≠tica, Imigra√ß√£o]",11,Mon Jul 17 22:07:30 BRT 2017,Mon Jul 31 22:07:31 BRT 2017,true,336
"Sou filha de pai e m√£e portugueses, O meu sangue √© portugu√™s?",,"[Governo e Pol√≠tica, Imigra√ß√£o]",5,Mon Jul 31 22:07:31 BRT 2017,Mon Jul 31 22:07:33 BRT 2017,true,0
O que os imigrante Haitianos fazem ai na sua cidade?,aqui na minha cidade eles vendem relogios de quinta categorias e outra imundices.,"[Governo e Pol√≠tica, Imigra√ß√£o]",5,Mon Jul 31 22:07:36 BRT 2017,Mon Jul 31 22:07:38 BRT 2017,true,0
Por que o Vaticano n√£o acaba de uma vez por todas com o Estado Isl√¢mico?,,"[Governo e Pol√≠tica, Imigra√ß√£o]",9,Mon Jul 31 22:07:41 BRT 2017,Mon Jul 31 22:07:42 BRT 2017,true,0
Presidente vetou?,"O dispositivo que concedia ao migrante direitos equivalentes aos do cidad√£o brasileiro, como livre acesso a servi√ßos de sa√∫de. OQ VC ACHA DISSO","[Governo e Pol√≠tica, Imigra√ß√£o]",4,Mon Jul 31 22:07:42 BRT 2017,Mon Jul 31 22:07:44 BRT 2017,true,0
"Por que a filha da pu,ta da Globo n√£o escracha o "" para√≠ba"" do Renan Calheiros e o Temer, como faz com o Lula?",,"[Governo e Pol√≠tica, Imigra√ß√£o]",12,Mon Jul 31 22:07:45 BRT 2017,Mon Jul 31 22:07:47 BRT 2017,true,0
Porqu√™ Deus criou pessoas bonitas e feias?,"Porqu√™ aquele vagabundo foi t√£o injusto? Sem aquele papo retardado ""Deus n√£o olha apar√™ncia"", ""Para Deus todos somos bonitos"". Se Deus sonda o cora√ß√£o, apar√™ncia n√£o mudaria valores. Ent√£o n√£o teria tido o minimo trabalho criando a probabilidade gen√©tica e a diversidade f√≠sica. E ainda nos...","[Governo e Pol√≠tica, Imigra√ß√£o]",7,Mon Jul 31 22:07:48 BRT 2017,Mon Jul 31 22:07:50 BRT 2017,true,0
Brasil X Canad√° X E.U.A. Se vc tivesse que escolher um desses 3 pa√≠ses para viver. Qual escolheria e o por qu√™ ?,,"[Governo e Pol√≠tica, Imigra√ß√£o]",7,Mon Jul 31 22:07:56 BRT 2017,Mon Jul 31 22:07:59 BRT 2017,true,0
"Pens√£o vitalicia, ap√≥s o falecimento do beneficiado, o filho poder√° pagar a contribui√ß√£o para continuar recebendo a pens√£o?",,"[Governo e Pol√≠tica, Lei e √âtica]",20,Fri Jul 28 22:08:04 BRT 2017,Sat Jul 29 22:08:06 BRT 2017,true,24
Virou modinha dizer que √© conservador?,"Estou vendo muitos jovens dizendo que s√£o conservadores, mas nunca leram a B√≠blia, n√£o praticam os ensinamentos de Jesus, ficam defendendo os Judeus sendo que Crist√£o de verdade odeia Judeu, fazem sexo com varias mulheres, defendem Estado m√≠nimo e privatizar tudo...e por a√≠ vai","[Governo e Pol√≠tica, Lei e √âtica]",7,Sat Jul 29 22:08:06 BRT 2017,Sun Jul 30 22:08:07 BRT 2017,true,24
"Se eu fiz certid√£o de nascimento em uma cidade de Pernambuco e identidade em outra Cidade, em qual eu voto?","Ex : eu fiz a certid√£o em Caruaru, e a carteira de identidade em Recife na identidade mostra onde foi feito a certid√£o mas mostra onde foi feito a identidade tamb√©m. em qual cidade irei votar na √©poca de elei√ß√µes?","[Governo e Pol√≠tica, Lei e √âtica]",23,Thu Jul 27 22:08:08 BRT 2017,Sat Jul 29 22:08:10 BRT 2017,true,48
Pode o STF legislar e aprovar medidas sem consenso popular?,"Quando o STF assume uma atribui√ß√£o que √© dada ao parlamento e passa a legislar arbitrariamente sem consenso popular estamos passando a viver em uma juristocracia, e n√£o em uma democracia. Seria poss√≠vel um presidente de pulso com uma base aliada s√≥lida no parlamento travar uma guerra com a suprema corte? E quem...","[Governo e Pol√≠tica, Lei e √âtica]",4,Mon Jul 31 17:08:12 BRT 2017,Mon Jul 31 20:08:13 BRT 2017,true,3
"Combust√≠vel Mais caro que nos Pa√≠ses vizinhos, porque?","Gostaria de perguntar aos especialistas no assunto, o porqu√™ que nossa gasolina √© mais cara do que nos pa√≠ses vizinhos. gente, √© inadmiss√≠vel pagarmos mais que o dobro, enquanto l√° nos ""hermanos"" se pode abastecer bem mais barato. Algu√©m explique se for poss√≠vel tal explica√ß√£o.","[Governo e Pol√≠tica, Lei e √âtica]",8,Fri Jul 28 22:08:13 BRT 2017,Mon Jul 31 11:08:15 BRT 2017,true,61
Uma pessoa me roubou um livro q eu estava fazendo era muito importante p/ mim me mandou mensagem dizendo q colocou no fogo posso processar?,,"[Governo e Pol√≠tica, Lei e √âtica]",5,Wed Jul 26 22:08:24 BRT 2017,Thu Jul 27 22:08:25 BRT 2017,true,24
Qual √© a sua opini√£o qto ao presidente Michel Temer por oficiais do ex√©rcito nas ruas do RJ?,,"[Governo e Pol√≠tica, Militares]",8,Fri Jul 28 22:08:30 BRT 2017,Fri Jul 28 22:08:31 BRT 2017,true,0
Vcs acham q a coreia do norte vai mesmo lan√ßar uma bomba nuclear nos EUA?,,"[Governo e Pol√≠tica, Militares]",7,Fri Jul 28 22:08:31 BRT 2017,Fri Jul 28 22:08:31 BRT 2017,true,0
Ano que vem vou fazer 18 e voi ter que me alistar mas eu estou muito atrasado na escola (17 anos 6 serie) oque eu fa√ßo para n√£o ir?pfv ajuda?,,"[Governo e Pol√≠tica, Militares]",17,Tue Jul 25 22:08:31 BRT 2017,Tue Jul 25 22:08:32 BRT 2017,true,0
Quais s√£o os documentos exigidos pra entrar nos EUA?,,"[Governo e Pol√≠tica, Militares]",5,Fri Jul 28 22:08:34 BRT 2017,Fri Jul 28 22:08:35 BRT 2017,true,0
Policial ou exercito? qual voce acham melhor eu entrar (moro em SP) e particulamente prefiro ser policial?,,"[Governo e Pol√≠tica, Militares]",4,Fri Jul 28 22:08:36 BRT 2017,Sat Jul 29 22:08:37 BRT 2017,true,24
Sobre o tiro de guerra!?,"Estou com medo de servi, sou baixo n√£o parece muito de acordo com minha idade... Meu maior medo √© oque eles fazem l√°, pois sou meio fraco... N√ÉO QUERO SERVI O TIRO! Tamb√©m estou com medo do tenente, falam que tem tenentes que s√£o gente ruim. Vou ter que ir da qui ah 20 ou 23 dias. O que fa√ßo?","[Governo e Pol√≠tica, Militares]",4,Thu Jul 27 22:08:38 BRT 2017,Thu Jul 27 22:08:38 BRT 2017,true,0
GLR ME AJUDEM AQUI ISSO SIGNIFICA QUE FUI DISPENSADO?,"- Caso ainda n√£o tenha solicitado ou recebido o seu Certificado de Dispensa de Incorpora√ß√£o (CDI), compare√ßa na JSM 04/050 - SAO PAULO (SANTO AMARO); - Local: RUA DARWIN, 185, SANTO AMARO, SAO PAULO - SP; - Data Agendada: 15/09/2017;","[Governo e Pol√≠tica, Militares]",4,Wed Jul 26 22:08:38 BRT 2017,Thu Jul 27 22:08:40 BRT 2017,true,24
Voc√™ apoia o fim do alistamento militar obrigat√≥rio?,Caso seja contra o alistamento obrigat√≥rio entre nesse link no site do senado e apoie esse projeto de lei! https://www12.senado.leg.br/ecidadania/v...,"[Governo e Pol√≠tica, Militares]",5,Tue Jul 25 22:08:42 BRT 2017,Tue Jul 25 22:08:43 BRT 2017,true,0
Se o Brasil come√ßar a produzir armas nucleares os EUA atacam o Brasil ?,"eu n√£o entendo por que os outros pa√≠ses n√£o podem ter essas armas. s√≥ os EUA que querem ter a Coreia do Norte √© um pa√≠s comunista horr√≠vel, ok, √© verdade, mas produzir armas √© um direito deles, eles podem fazer o que quiserem dentro do territ√≥rio deles, os EUA n√£o tem nada que se envolver (e muito menos usar...","[Governo e Pol√≠tica, Organiza√ß√µes Internacionais]",8,Sun Jul 30 22:08:52 BRT 2017,Sun Jul 30 22:08:55 BRT 2017,true,0
"Porque no brasil, n√£o tem pena de morte e nem pris√£o perp√©tua?",Esse pa√≠s √© um lixo.,"[Governo e Pol√≠tica, Organiza√ß√µes Internacionais]",8,Mon Jul 17 22:08:56 BRT 2017,Mon Jul 31 22:08:57 BRT 2017,true,336
"Anti-americanos, kd ... (5)?","De onde vcs tiraram essa ideia que os americanos s√£o preconceituosos com os latinos porque acham que somente eles s√£o americanos? O nome AMERICANO √© porque os ESTADOS UNIDOS foram os primeiros a colocarem AM√âRICA no nome, quando eles ainda eram apenas 13 estados. NENHUM OUTRO PA√çS se auto intitulou AM√âRICA antes... Anti-americanos s√£o bestas quadradas que acham que s√£o g√™nios. ANTI-AMERICANOS S√ÉO BESTAS QUADRADAS QUE ACHAM QUE S√ÉO G√äNIOS.","[Governo e Pol√≠tica, Organiza√ß√µes Internacionais]",4,Mon Jul 10 22:08:57 BRT 2017,Mon Jul 31 22:08:58 BRT 2017,true,504
"Segundo a ONU, levar crian√ßas para a igreja √© viola√ß√£o de direitos humanos O Que Vcs Acha Disso?","Eu Acho uma PALHA√áADA da ONU , Que Eles Pensam que S√£o !!!","[Governo e Pol√≠tica, Organiza√ß√µes Internacionais]",4,Mon Jul 10 22:08:58 BRT 2017,Mon Jul 31 22:08:58 BRT 2017,true,504
"Anti-americanos, kd ... (4)?",Vcs podem provar que os americanos - COERCITIVAMENTE - bancam seus estilos de vida obrigando os outros pa√≠ses a venderem seus produtos a pre√ßo de banana pra eles? Por que vcs dizem que a pobreza de Cuba √© culpa do embrago dos americanos se vcs acham que os gringos s√£o exploradores e por isso Cuba virou as costas... √â inacredit√°vel como o anti-americaninho a√≠ embaixo √© burro.,"[Governo e Pol√≠tica, Organiza√ß√µes Internacionais]",4,Mon Jul 10 22:08:58 BRT 2017,Mon Jul 31 22:08:59 BRT 2017,true,504
Qual √© a doen√ßa que os religiosos fan√°ticos sofrem?,"Uma freira japonesa na Argentina escolhia cuidadosamente as crian√ßas mais ""submissas"" para sofrerem abusos sexuais de sacerdotes. Ela acreditava mesmo estar fazendo o bem, n√£o via nada de errado nisso. O mesmo dos radicais mul√ßumanos que matam inocentes e acham que est√£o fazendo o certo j√° que s√£o...","[Governo e Pol√≠tica, Organiza√ß√µes Internacionais]",15,Mon Jul 31 22:08:59 BRT 2017,Mon Jul 31 22:09:00 BRT 2017,true,0
"Se o Vaticano entrar para a ONU, ser√° ruim para todos... Considerem o que penso e sinto disso, logo mais e me digam se procede ou n√£o:?","O Vaticano √© a √∫nica na√ß√£o do mundo de cunho religioso em vez de cunho pol√≠tico. Ent√£o, se um pa√≠s cat√≥lico e um pa√≠s isl√¢mico brigaram, o Vaticano ser√° acusado de nepotismo caso defenda o primeiro e ser√° acusado de trai√ß√£o caso defenda o segundo. E bem, ser√° que estou errado? Corre√ß√£o (desculpem-me!): Ent√£o, se um pa√≠s cat√≥lico e um pa√≠s isl√¢mico brigarem, o Vaticano ser√° acusado de nepotismo caso defenda o primeiro e ser√° acusado de trai√ß√£o caso defenda o segundo. Algu√©m aqui, por favor, mande um e-mail ou mensagem instant√¢nea √† usu√°ria Khoshh√£l¬≥ e avise a ela que ou ela utiliza de argumentos, provas e testemunhas, para poder comprovar e evidenciar que sou algu√©m autopontuador ou a denunciarei, processarei e penalizarei legalmente, est√£o sabendo? Mas que coisa: j√° n√£o se...","[Governo e Pol√≠tica, Organiza√ß√µes Internacionais]",6,Mon Jul 31 22:09:00 BRT 2017,Mon Jul 31 22:09:01 BRT 2017,true,0
Como voc√™ v√™ esses extremismos ? Brasil X Escandin√°via ?,"A Dinamarca segue em 1. lugar e a Noruega em 3. lugar, como pa√≠ses menos corruptos do mundo, em pesquisas anuais feitas por ag√™ncias especializadas no assunto. Ali√°s, isso j√° √© praxe e o esperado. Voc√™ se envergonha de ser brasileiro , cujo nosso pa√≠s est√° invertido nessa pir√¢mide ?","[Governo e Pol√≠tica, Organiza√ß√µes Internacionais]",9,Mon Jul 31 22:09:07 BRT 2017,Mon Jul 31 22:09:08 BRT 2017,true,0
Purque o amor machuca dimais? √ß.√ß? '~'?,"s√≥ quiria ti amar, purque c√™ fez iso? me dis √ß.√ß","[Governo e Pol√≠tica, Organiza√ß√µes Internacionais]",15,Mon Jul 31 22:09:17 BRT 2017,Mon Jul 31 22:09:19 BRT 2017,true,0
"Porque barack Obama, matou tantos arabes nos seus 2 mandatos. se ele tivesse mais um mandato, a etenia arabe seria extinta da face da terra.?","E ele √© descendente de arabes, porque os quenianos, patria do seu pai. sao um povo africano tipo dos arabes. como milh√µes de mu√ßulmanos. vai entender. Obama √© o maior lider presidente, em mat√©ria de crimes contra povos do mundo inteiro. sob suas ordens expressa , as for√ßas armadas americanas e CIA mataram milhares de pessoas de paises arabes que passou de milh√µes, isso sem estado de guerra declarada.ele usou e abusou da letal for√ßas armadas americanas. na libia... Foi saqueado pela colisao de paises aliados do EUA no ataque gratuito a Libia eles alegaram que foi para pagar os gastos de guerra que eles tiveram com os ataques a√©reos e terrestes, entao as bombas eos misseis eram fabricados em ouro puro. e a maior parte ficou com o governo obama, ou seja o maior roubo da... Linahe, pq existe pessoas tao bem informadas iguais a voce, e uma pa de bosais que vivem no mundo da lua iguais as respostas que tivemos aqui. eu me encho de esperan√ßa qd encontro pessoas esclarecidas iguais a voce. e me da a certeza que a luz do fim do tunel, n√£o √© um trem de marcha r√©. pelo fato de noz sermos...","[Governo e Pol√≠tica, Organiza√ß√µes Internacionais]",4,Mon Jul 31 22:09:21 BRT 2017,Mon Jul 31 22:09:22 BRT 2017,true,0
De onde saem tantas vi√∫vas do lula e da dilma?,E est√£o desesperadas ainda por cima ... KKKKKKKKKK,"[Governo e Pol√≠tica, Outras - Governo e Pol√≠tica]",17,Tue Jul 25 22:09:36 BRT 2017,Tue Jul 25 22:09:37 BRT 2017,true,0
Vou refutar qualquer argumento contra o anarcocapitalismo!!!! Desafio todos a refutarem-no!!!?,KKK SQN!! Sou muito burro kkkkk!!,"[Governo e Pol√≠tica, Outras - Governo e Pol√≠tica]",4,Sun Jul 30 22:09:37 BRT 2017,Sun Jul 30 23:09:42 BRT 2017,true,1
Por que os socialistas e esquerdistas em geral nunca assumem seus erros e ignor√¢ncias? √â doen√ßa?,,"[Governo e Pol√≠tica, Outras - Governo e Pol√≠tica]",10,Wed Jul 26 22:09:42 BRT 2017,Sat Jul 29 22:09:43 BRT 2017,true,72
"As manifesta√ß√µes do PT, pr√≥-Lula e ""Fora Temer!"", tem tido mais bal√µes do que gente?",,"[Governo e Pol√≠tica, Outras - Governo e Pol√≠tica]",12,Mon Jul 24 22:09:44 BRT 2017,Mon Jul 31 22:09:45 BRT 2017,true,168
"E a√≠, j√° comprou o bonequinho do Super Mito?",BOLSONARO PRESIDENTEEEEEEE!!!........................ KKKKKKKKKKKKKKKK,"[Governo e Pol√≠tica, Outras - Governo e Pol√≠tica]",4,Wed Jul 26 22:09:45 BRT 2017,Wed Jul 26 22:09:46 BRT 2017,true,0
A reforma trabalhista vai contribuir para a recupera√ß√£o da economia?,,"[Governo e Pol√≠tica, Outras - Governo e Pol√≠tica]",9,Mon Jul 24 22:09:46 BRT 2017,Mon Jul 31 22:09:50 BRT 2017,true,168
Nos Estados Unidos existem prefeituras e tamb√©m c√¢maras municipais?,"Analisem o assunto desta pergunta, respondam-na e expliquem suas respostas. Nota: Todos os usu√°rios do Yahoo respostas podem participar e responder esta pergunta.","[Governo e Pol√≠tica, Outras - Governo e Pol√≠tica]",18,Mon Jul 17 22:09:50 BRT 2017,Mon Jul 31 22:09:53 BRT 2017,true,336
"üòÇüòÇüòÇüòÇüòÇüòÇMercado Livre üòÇüòÇüòÇüòÇ Os otari'o vende as coisas la achando que √© mercado ou que alguem vai compra üòÇüòÇüòÇ bando de burr'o n√©?",,"[Governo e Pol√≠tica, Participa√ß√£o Civil]",23,Mon Jul 31 15:10:16 BRT 2017,Mon Jul 31 17:10:19 BRT 2017,true,2
Por que a esquerda gosta tanto de fazer discurso de √≥dio e intoler√¢ncia?,,"[Governo e Pol√≠tica, Participa√ß√£o Civil]",7,Mon Jul 24 22:10:20 BRT 2017,Mon Jul 31 22:10:22 BRT 2017,true,168
Isso √© o que todo brasileiro deveria fazer tamb√©m. Ser√° que √© t√£o dif√≠cil ver que apoiar corruptos √© errado?,http://www.em.com.br/app/noticia/economi...,"[Governo e Pol√≠tica, Participa√ß√£o Civil]",25,Mon Jul 31 22:10:33 BRT 2017,Mon Jul 31 22:10:35 BRT 2017,true,0
"Joanna Maranh√£o, a nadadora que ficou em 24.¬∫ lugar nas Olimp√≠adas do Rio, s√≥ tem fama gra√ßas a seus chiliques pelo Twitter?",,"[Governo e Pol√≠tica, Participa√ß√£o Civil]",4,Mon Jul 31 22:10:36 BRT 2017,Mon Jul 31 22:10:37 BRT 2017,true,0
"Por que os coxinhas s√£o tra√≠ras abandonando o Cunha, A√©cio e o Temer quando eles entraram em desgra√ßa ao contr√°rio dos comunas que s√£o fieis?","Os comunas s√£o fieis aos seus l√≠deres Lulla, Z√© Dirceu, Dilma at√© a morte. O lula pode estuprar e matar v√°rias criancinhas e colocar o v√≠deo na internet que eles n√£o v√£o acreditar. V√£o dizer que √© inven√ß√£o da Globo. Mas os coxinhas, qualquer denunciazinha de corrup√ß√£o √© suficiente para eles virarem as costas pra...","[Governo e Pol√≠tica, Participa√ß√£o Civil]",9,Mon Jul 31 22:10:41 BRT 2017,Mon Jul 31 22:10:43 BRT 2017,true,0
Por que um amigo meu morador da favela foi preso por portar 6 trouxas de maconha enquanto um filho de desembargadora foi solto portando?,200kg de maconha e 500 balas de fuzil Ponto40,"[Governo e Pol√≠tica, Pol√≠cia e Aplica√ß√£o da Lei]",6,Fri Jul 28 22:10:46 BRT 2017,Sat Jul 29 22:10:48 BRT 2017,true,24
Caso tomar um enquadro posso ser preso por estar com pessoas incorretas ?,h√° umas semanas estive em uma festa com alguns amigos na hora de voltar voltei com amigos de amigos tbm... s√≥ que desses amigos eu era o unico de maior com 18 anos e os demais com 17...eeu possuia minha bebida eles tbm ... decidimos ir a outra festa e na hora de entrar vi que um deles tentava esconder um arma para...,"[Governo e Pol√≠tica, Pol√≠cia e Aplica√ß√£o da Lei]",5,Fri Jul 28 22:10:48 BRT 2017,Sat Jul 29 22:10:50 BRT 2017,true,24
Voc√™ √© a favor da popula√ß√£o de bem armada ?,"Para defender ela mesmo e sua fam√≠lia. Por que tentam passam uma ideia que arma √© perigosa, sendo que quem mata somos n√≥s ? Nunca vi algum relato de uma arma que disparou sozinha.","[Governo e Pol√≠tica, Pol√≠cia e Aplica√ß√£o da Lei]",8,Wed Jul 26 22:10:50 BRT 2017,Thu Jul 27 22:10:52 BRT 2017,true,24
Quando √© que isso vai acontecer? (XO BOSTONARO)?,s√≥ nordestinos e trouxas sem estudos que v√£o votar nele!,"[Governo e Pol√≠tica, Pol√≠cia e Aplica√ß√£o da Lei]",6,Thu Jul 27 22:10:52 BRT 2017,Thu Jul 27 22:10:53 BRT 2017,true,0
A Pena de Morte soluciona os problemas dos pres√≠dios e a inseguran√ßa no Brasil?,Creio que a Pena de Morte pode contribuir significativamente para reduzir a inseguran√ßa porque a reciproca seria verdadeira.,"[Governo e Pol√≠tica, Pol√≠cia e Aplica√ß√£o da Lei]",6,Tue Jul 25 22:10:57 BRT 2017,Wed Jul 26 22:11:00 BRT 2017,true,24
Por que no Brasil existe tanta viol√™ncia e malandragem?,,"[Governo e Pol√≠tica, Pol√≠cia e Aplica√ß√£o da Lei]",15,Mon Jul 17 22:11:00 BRT 2017,Mon Jul 31 22:11:02 BRT 2017,true,336
Voc√™ acredita que esse problema de seguran√ßa p√∫blica pelo qual o Brasil vem passando um dia ser√° solucionado?,,"[Governo e Pol√≠tica, Pol√≠cia e Aplica√ß√£o da Lei]",4,Mon Jul 24 22:11:02 BRT 2017,Tue Jul 25 22:11:05 BRT 2017,true,24
Fraudolento email do Bradesco?,"Recebi um email da cyhn.santander@edelglanz.ch que diz: --------------------------------------------------------- Prezado (a) cliente: O motivo pelo qual estamos entrando em contato, √© para informar um problema encontrado em seu sistema. Verificamos que seu m√≥dulo de prote√ß√£o encontra-se desatualizado em nosso...","[Governo e Pol√≠tica, Pol√≠cia e Aplica√ß√£o da Lei]",17,Mon Jul 17 22:11:06 BRT 2017,Mon Jul 31 22:11:07 BRT 2017,true,336
Posso usar um distintivo de policial na minha carteira mesmo n√£o sendo?,,"[Governo e Pol√≠tica, Pol√≠cia e Aplica√ß√£o da Lei]",5,Mon Jul 24 22:11:13 BRT 2017,Mon Jul 31 22:11:17 BRT 2017,true,168
Preso a 1 ano e 2 meses eo juiz concedeu progress√£o de regime do semi aberto para aberto queria saber quanto tempo leva pra ele ser solto?,Meu nome √© thaynar moro no esp√≠rito santo,"[Governo e Pol√≠tica, Pol√≠cia e Aplica√ß√£o da Lei]",3,Mon Jul 24 22:11:17 BRT 2017,Mon Jul 31 22:11:20 BRT 2017,true,168
"Um louco foge do hosp√≠cio e comete um crime, quando pego ele volta para a institui√ß√£o ou √© preso?",,"[Governo e Pol√≠tica, Pol√≠cia e Aplica√ß√£o da Lei]",5,Mon Jul 17 22:11:20 BRT 2017,Mon Jul 31 22:11:27 BRT 2017,true,336
Lula deveria ter sido condenado por corrup√ß√£o?,,"[Governo e Pol√≠tica, Pol√≠cia e Aplica√ß√£o da Lei]",8,Mon Jul 17 22:11:27 BRT 2017,Mon Jul 31 22:11:31 BRT 2017,true,336
"VC acredita que as for√ßas armadas resolve o problema da viol√™ncia no RIO, a tanto tempo eles sobem e descem morros e depois a fica pior?",,"[Governo e Pol√≠tica, Pol√≠tica]",47,Fri Jul 28 22:11:44 BRT 2017,Sun Jul 30 22:11:46 BRT 2017,true,48
